-- MySQL dump 10.14  Distrib 5.5.56-MariaDB, for Linux (x86_64)
--
-- Host: master.mysql    Database: db_yapi_data
-- ------------------------------------------------------
-- Server version	5.5.56-MariaDB

/*!40101 SET @OLD_CHARACTER_SET_CLIENT=@@CHARACTER_SET_CLIENT */;
/*!40101 SET @OLD_CHARACTER_SET_RESULTS=@@CHARACTER_SET_RESULTS */;
/*!40101 SET @OLD_COLLATION_CONNECTION=@@COLLATION_CONNECTION */;
/*!40101 SET NAMES utf8 */;
/*!40103 SET @OLD_TIME_ZONE=@@TIME_ZONE */;
/*!40103 SET TIME_ZONE='+00:00' */;
/*!40014 SET @OLD_UNIQUE_CHECKS=@@UNIQUE_CHECKS, UNIQUE_CHECKS=0 */;
/*!40014 SET @OLD_FOREIGN_KEY_CHECKS=@@FOREIGN_KEY_CHECKS, FOREIGN_KEY_CHECKS=0 */;
/*!40101 SET @OLD_SQL_MODE=@@SQL_MODE, SQL_MODE='NO_AUTO_VALUE_ON_ZERO' */;
/*!40111 SET @OLD_SQL_NOTES=@@SQL_NOTES, SQL_NOTES=0 */;

--
-- Current Database: `db_yapi_data`
--

CREATE DATABASE /*!32312 IF NOT EXISTS*/ `db_yapi_data` /*!40100 DEFAULT CHARACTER SET utf8 COLLATE utf8_bin */;

USE `db_yapi_data`;

--
-- Table structure for table `t_action`
--

DROP TABLE IF EXISTS `t_action`;
/*!40101 SET @saved_cs_client     = @@character_set_client */;
/*!40101 SET character_set_client = utf8 */;
CREATE TABLE `t_action` (
  `module` varchar(255) NOT NULL COMMENT '模块英文名',
  `action` varchar(255) NOT NULL COMMENT '接口英文名',
  `actionName` varchar(255) NOT NULL COMMENT '接口中文名',
  `addTime` datetime NOT NULL COMMENT '创建时间',
  `modTime` datetime NOT NULL COMMENT '更新时间',
  `urlName` varchar(255) NOT NULL COMMENT '线上地址的别名',
  `isAuth` int(11) unsigned NOT NULL DEFAULT '0' COMMENT '是否鉴权(0-否, 1-是)',
  `funcReq` text COMMENT 'py代码(将调用方的请求参数转换为后端业务所需格式)',
  `funcRsp` text COMMENT 'py代码(将后端业务的返回转换为对调用方来说统一的格式)',
  `funcResource` text COMMENT 'py代码(构造鉴权资源)',
  `funcCondition` text COMMENT 'py代码(构造鉴权条件)',
  PRIMARY KEY (`module`,`action`)
) ENGINE=InnoDB DEFAULT CHARSET=utf8 COMMENT='云API的接口表';
/*!40101 SET character_set_client = @saved_cs_client */;

--
-- Dumping data for table `t_action`
--

LOCK TABLES `t_action` WRITE;
/*!40000 ALTER TABLE `t_action` DISABLE KEYS */;
INSERT INTO `t_action` VALUES ('account','BindUserGroup','批量绑定解绑用户和用户组','2018-03-25 16:01:28','2018-03-25 16:01:28','k8s.yapi.account',1,'paramDict[\"loginUin\"] = int(paramDict[\"loginUin\"])\nparamDict[\"ownerUin\"] = int(paramDict[\"ownerUin\"])\nparamDict[\"appId\"]    = int(paramDict[\"appId\"])\n\nparamDict = {\n    \"version\"       : \"1.0\",\n    \"componentName\" : \"yapi.account\",\n    \"eventId\"       : int(paramDict[\"timestamp\"]),\n    \"timestamp\"     : int(paramDict[\"timestamp\"]),\n    \"interface\"     : {\n        \"interfaceName\" : \"yapi.account.bindUserGroup\",\n        \"para\"          : paramDict\n    }\n}\n','if isinstance(rspData, dict) and \"returnCode\" in rspData:\n    rspData = {\n        \"code\"    : rspData[\"returnCode\"],\n        \"message\" : rspData.get(\"returnMessage\", \"\"),\n        \"data\"    : rspData.get(\"data\", {})\n    }\nelse:\n    rspData = {\n        \"code\"    : 3000,\n        \"message\" : \"illegal response format\",\n        \"data\"    : {}\n    }\n',NULL,NULL),('account','CreateUserGroup','创建用户组','2018-03-25 16:01:28','2018-03-25 16:01:28','k8s.yapi.account',1,'paramDict[\"loginUin\"] = int(paramDict[\"loginUin\"])\nparamDict[\"ownerUin\"] = int(paramDict[\"ownerUin\"])\nparamDict[\"appId\"]    = int(paramDict[\"appId\"])\n\nparamDict = {\n    \"version\"       : \"1.0\",\n    \"componentName\" : \"yapi.account\",\n    \"eventId\"       : int(paramDict[\"timestamp\"]),\n    \"timestamp\"     : int(paramDict[\"timestamp\"]),\n    \"interface\"     : {\n        \"interfaceName\" : \"yapi.account.createUserGroup\",\n        \"para\"          : paramDict\n    }\n}\n','if isinstance(rspData, dict) and \"returnCode\" in rspData:\n    rspData = {\n        \"code\"    : rspData[\"returnCode\"],\n        \"message\" : rspData.get(\"returnMessage\", \"\"),\n        \"data\"    : rspData.get(\"data\", {})\n    }\nelse:\n    rspData = {\n        \"code\"    : 3000,\n        \"message\" : \"illegal response format\",\n        \"data\"    : {}\n    }\n',NULL,NULL),('account','DeleteUserGroup','批量删除用户组','2018-03-25 16:01:28','2018-03-25 16:01:28','k8s.yapi.account',1,'paramDict[\"loginUin\"] = int(paramDict[\"loginUin\"])\nparamDict[\"ownerUin\"] = int(paramDict[\"ownerUin\"])\nparamDict[\"appId\"]    = int(paramDict[\"appId\"])\n\nparamDict = {\n    \"version\"       : \"1.0\",\n    \"componentName\" : \"yapi.account\",\n    \"eventId\"       : int(paramDict[\"timestamp\"]),\n    \"timestamp\"     : int(paramDict[\"timestamp\"]),\n    \"interface\"     : {\n        \"interfaceName\" : \"yapi.account.deleteUserGroup\",\n        \"para\"          : paramDict\n    }\n}\n','if isinstance(rspData, dict) and \"returnCode\" in rspData:\n    rspData = {\n        \"code\"    : rspData[\"returnCode\"],\n        \"message\" : rspData.get(\"returnMessage\", \"\"),\n        \"data\"    : rspData.get(\"data\", {})\n    }\nelse:\n    rspData = {\n        \"code\"    : 3000,\n        \"message\" : \"illegal response format\",\n        \"data\"    : {}\n    }\n',NULL,NULL),('account','GetGroupMemberList','查看用户组内的成员','2018-03-25 16:01:28','2018-03-25 16:01:28','k8s.yapi.account',1,'paramDict[\"loginUin\"] = int(paramDict[\"loginUin\"])\nparamDict[\"ownerUin\"] = int(paramDict[\"ownerUin\"])\nparamDict[\"appId\"]    = int(paramDict[\"appId\"])\n\nparamDict = {\n    \"version\"       : \"1.0\",\n    \"componentName\" : \"yapi.account\",\n    \"eventId\"       : int(paramDict[\"timestamp\"]),\n    \"timestamp\"     : int(paramDict[\"timestamp\"]),\n    \"interface\"     : {\n        \"interfaceName\" : \"yapi.account.getGroupMemberList\",\n        \"para\"          : paramDict\n    }\n}\n','if isinstance(rspData, dict) and \"returnCode\" in rspData:\n    rspData = {\n        \"code\"    : rspData[\"returnCode\"],\n        \"message\" : rspData.get(\"returnMessage\", \"\"),\n        \"data\"    : rspData.get(\"data\", {})\n    }\nelse:\n    rspData = {\n        \"code\"    : 3000,\n        \"message\" : \"illegal response format\",\n        \"data\"    : {}\n    }\n',NULL,NULL),('account','GetSubAccountList','获取子账户列表','2018-03-25 16:01:28','2018-03-25 16:01:28','k8s.yapi.account',1,'paramDict[\"loginUin\"] = int(paramDict[\"loginUin\"])\nparamDict[\"ownerUin\"] = int(paramDict[\"ownerUin\"])\nparamDict[\"appId\"]    = int(paramDict[\"appId\"])\n\nparamDict = {\n    \"version\"       : \"1.0\",\n    \"componentName\" : \"yapi.account\",\n    \"eventId\"       : int(paramDict[\"timestamp\"]),\n    \"timestamp\"     : int(paramDict[\"timestamp\"]),\n    \"interface\"     : {\n        \"interfaceName\" : \"yapi.account.getSubAccountList\",\n        \"para\"          : paramDict\n    }\n}\n','if isinstance(rspData, dict) and \"returnCode\" in rspData:\n    rspData = {\n        \"code\"    : rspData[\"returnCode\"],\n        \"message\" : rspData.get(\"returnMessage\", \"\"),\n        \"data\"    : rspData.get(\"data\", {})\n    }\nelse:\n    rspData = {\n        \"code\"    : 3000,\n        \"message\" : \"illegal response format\",\n        \"data\"    : {}\n    }\n',NULL,NULL),('account','GetUserDetail','批量查询账户详情','2018-03-25 16:01:28','2018-03-25 16:01:28','k8s.yapi.account',0,'paramDict[\"loginUin\"] = int(paramDict[\"loginUin\"])\nparamDict[\"ownerUin\"] = int(paramDict[\"ownerUin\"])\nparamDict[\"appId\"]    = int(paramDict[\"appId\"])\n\nparamDict = {\n    \"version\"       : \"1.0\",\n    \"componentName\" : \"yapi.account\",\n    \"eventId\"       : int(paramDict[\"timestamp\"]),\n    \"timestamp\"     : int(paramDict[\"timestamp\"]),\n    \"interface\"     : {\n        \"interfaceName\" : \"yapi.account.getUserDetail\",\n        \"para\"          : paramDict\n    }\n}\n','if isinstance(rspData, dict) and \"returnCode\" in rspData:\n    rspData = {\n        \"code\"    : rspData[\"returnCode\"],\n        \"message\" : rspData.get(\"returnMessage\", \"\"),\n        \"data\"    : rspData.get(\"data\", {})\n    }\nelse:\n    rspData = {\n        \"code\"    : 3000,\n        \"message\" : \"illegal response format\",\n        \"data\"    : {}\n    }\n',NULL,NULL),('account','GetUserGroupList','获取当前租户下的用户组列表','2018-03-25 16:01:28','2018-03-25 16:01:28','k8s.yapi.account',1,'paramDict[\"loginUin\"] = int(paramDict[\"loginUin\"])\nparamDict[\"ownerUin\"] = int(paramDict[\"ownerUin\"])\nparamDict[\"appId\"]    = int(paramDict[\"appId\"])\n\nparamDict = {\n    \"version\"       : \"1.0\",\n    \"componentName\" : \"yapi.account\",\n    \"eventId\"       : int(paramDict[\"timestamp\"]),\n    \"timestamp\"     : int(paramDict[\"timestamp\"]),\n    \"interface\"     : {\n        \"interfaceName\" : \"yapi.account.getUserGroupList\",\n        \"para\"          : paramDict\n    }\n}\n','if isinstance(rspData, dict) and \"returnCode\" in rspData:\n    rspData = {\n        \"code\"    : rspData[\"returnCode\"],\n        \"message\" : rspData.get(\"returnMessage\", \"\"),\n        \"data\"    : rspData.get(\"data\", {})\n    }\nelse:\n    rspData = {\n        \"code\"    : 3000,\n        \"message\" : \"illegal response format\",\n        \"data\"    : {}\n    }\n',NULL,NULL),('account','UpdateUserGroup','修改用户组基本信息','2018-03-25 16:01:28','2018-03-25 16:01:28','k8s.yapi.account',1,'paramDict[\"loginUin\"] = int(paramDict[\"loginUin\"])\nparamDict[\"ownerUin\"] = int(paramDict[\"ownerUin\"])\nparamDict[\"appId\"]    = int(paramDict[\"appId\"])\n\nparamDict = {\n    \"version\"       : \"1.0\",\n    \"componentName\" : \"yapi.account\",\n    \"eventId\"       : int(paramDict[\"timestamp\"]),\n    \"timestamp\"     : int(paramDict[\"timestamp\"]),\n    \"interface\"     : {\n        \"interfaceName\" : \"yapi.account.updateUserGroup\",\n        \"para\"          : paramDict\n    }\n}\n','if isinstance(rspData, dict) and \"returnCode\" in rspData:\n    rspData = {\n        \"code\"    : rspData[\"returnCode\"],\n        \"message\" : rspData.get(\"returnMessage\", \"\"),\n        \"data\"    : rspData.get(\"data\", {})\n    }\nelse:\n    rspData = {\n        \"code\"    : 3000,\n        \"message\" : \"illegal response format\",\n        \"data\"    : {}\n    }\n',NULL,NULL),('atlas','CreateAction','创建接口','2018-03-25 17:12:12','2018-03-25 17:12:12','k8s.yapi.atlas',0,'paramDict[\"loginUin\"] = int(paramDict[\"loginUin\"])\nparamDict[\"ownerUin\"] = int(paramDict[\"ownerUin\"])\nparamDict[\"appId\"]    = int(paramDict[\"appId\"])\n\nparamDict = {\n    \"version\"       : \"1.0\",\n    \"componentName\" : \"yapi.atlas\",\n    \"eventId\"       : int(paramDict[\"timestamp\"]),\n    \"timestamp\"     : int(paramDict[\"timestamp\"]),\n    \"interface\"     : {\n        \"interfaceName\" : \"yapi.atlas.createAction\",\n        \"para\"          : paramDict\n    }\n}\n','if isinstance(rspData, dict) and \"returnCode\" in rspData:\n    rspData = {\n        \"code\"    : rspData[\"returnCode\"],\n        \"message\" : rspData.get(\"returnMessage\", \"\"),\n        \"data\"    : rspData.get(\"data\", {})\n    }\nelse:\n    rspData = {\n        \"code\"    : 3000,\n        \"message\" : \"illegal response format\",\n        \"data\"    : {}\n    }\n',NULL,NULL),('atlas','CreateModule','创建模块','2018-03-25 17:12:12','2018-03-25 17:12:12','k8s.yapi.atlas',0,'paramDict[\"loginUin\"] = int(paramDict[\"loginUin\"])\nparamDict[\"ownerUin\"] = int(paramDict[\"ownerUin\"])\nparamDict[\"appId\"]    = int(paramDict[\"appId\"])\n\nparamDict = {\n    \"version\"       : \"1.0\",\n    \"componentName\" : \"yapi.atlas\",\n    \"eventId\"       : int(paramDict[\"timestamp\"]),\n    \"timestamp\"     : int(paramDict[\"timestamp\"]),\n    \"interface\"     : {\n        \"interfaceName\" : \"yapi.atlas.createModule\",\n        \"para\"          : paramDict\n    }\n}\n','if isinstance(rspData, dict) and \"returnCode\" in rspData:\n    rspData = {\n        \"code\"    : rspData[\"returnCode\"],\n        \"message\" : rspData.get(\"returnMessage\", \"\"),\n        \"data\"    : rspData.get(\"data\", {})\n    }\nelse:\n    rspData = {\n        \"code\"    : 3000,\n        \"message\" : \"illegal response format\",\n        \"data\"    : {}\n    }\n',NULL,NULL),('atlas','CreateModuleErrorCode','创建模块错误码','2018-03-25 17:12:12','2018-03-25 17:12:12','k8s.yapi.atlas',0,'paramDict[\"loginUin\"] = int(paramDict[\"loginUin\"])\nparamDict[\"ownerUin\"] = int(paramDict[\"ownerUin\"])\nparamDict[\"appId\"]    = int(paramDict[\"appId\"])\n\nparamDict = {\n    \"version\"       : \"1.0\",\n    \"componentName\" : \"yapi.atlas\",\n    \"eventId\"       : int(paramDict[\"timestamp\"]),\n    \"timestamp\"     : int(paramDict[\"timestamp\"]),\n    \"interface\"     : {\n        \"interfaceName\" : \"yapi.atlas.createModuleErrorCode\",\n        \"para\"          : paramDict\n    }\n}\n','if isinstance(rspData, dict) and \"returnCode\" in rspData:\n    rspData = {\n        \"code\"    : rspData[\"returnCode\"],\n        \"message\" : rspData.get(\"returnMessage\", \"\"),\n        \"data\"    : rspData.get(\"data\", {})\n    }\nelse:\n    rspData = {\n        \"code\"    : 3000,\n        \"message\" : \"illegal response format\",\n        \"data\"    : {}\n    }\n',NULL,NULL),('atlas','CreateModuleUrl','创建模块后端地址','2018-03-25 17:12:12','2018-03-25 17:12:12','k8s.yapi.atlas',0,'paramDict[\"loginUin\"] = int(paramDict[\"loginUin\"])\nparamDict[\"ownerUin\"] = int(paramDict[\"ownerUin\"])\nparamDict[\"appId\"]    = int(paramDict[\"appId\"])\n\nparamDict = {\n    \"version\"       : \"1.0\",\n    \"componentName\" : \"yapi.atlas\",\n    \"eventId\"       : int(paramDict[\"timestamp\"]),\n    \"timestamp\"     : int(paramDict[\"timestamp\"]),\n    \"interface\"     : {\n        \"interfaceName\" : \"yapi.atlas.createModuleUrl\",\n        \"para\"          : paramDict\n    }\n}\n','if isinstance(rspData, dict) and \"returnCode\" in rspData:\n    rspData = {\n        \"code\"    : rspData[\"returnCode\"],\n        \"message\" : rspData.get(\"returnMessage\", \"\"),\n        \"data\"    : rspData.get(\"data\", {})\n    }\nelse:\n    rspData = {\n        \"code\"    : 3000,\n        \"message\" : \"illegal response format\",\n        \"data\"    : {}\n    }\n',NULL,NULL),('atlas','DeleteModuleErrorCode','批量删除模块错误码','2018-03-25 17:12:12','2018-03-25 17:12:12','k8s.yapi.atlas',0,'paramDict[\"loginUin\"] = int(paramDict[\"loginUin\"])\nparamDict[\"ownerUin\"] = int(paramDict[\"ownerUin\"])\nparamDict[\"appId\"]    = int(paramDict[\"appId\"])\n\nparamDict = {\n    \"version\"       : \"1.0\",\n    \"componentName\" : \"yapi.atlas\",\n    \"eventId\"       : int(paramDict[\"timestamp\"]),\n    \"timestamp\"     : int(paramDict[\"timestamp\"]),\n    \"interface\"     : {\n        \"interfaceName\" : \"yapi.atlas.deleteModuleErrorCode\",\n        \"para\"          : paramDict\n    }\n}\n','if isinstance(rspData, dict) and \"returnCode\" in rspData:\n    rspData = {\n        \"code\"    : rspData[\"returnCode\"],\n        \"message\" : rspData.get(\"returnMessage\", \"\"),\n        \"data\"    : rspData.get(\"data\", {})\n    }\nelse:\n    rspData = {\n        \"code\"    : 3000,\n        \"message\" : \"illegal response format\",\n        \"data\"    : {}\n    }\n',NULL,NULL),('atlas','GetActionDetail','查看接口详情','2018-03-25 17:12:12','2018-03-25 17:12:12','k8s.yapi.atlas',0,'paramDict[\"loginUin\"] = int(paramDict[\"loginUin\"])\nparamDict[\"ownerUin\"] = int(paramDict[\"ownerUin\"])\nparamDict[\"appId\"]    = int(paramDict[\"appId\"])\n\nparamDict = {\n    \"version\"       : \"1.0\",\n    \"componentName\" : \"yapi.atlas\",\n    \"eventId\"       : int(paramDict[\"timestamp\"]),\n    \"timestamp\"     : int(paramDict[\"timestamp\"]),\n    \"interface\"     : {\n        \"interfaceName\" : \"yapi.atlas.getActionDetail\",\n        \"para\"          : paramDict\n    }\n}\n','if isinstance(rspData, dict) and \"returnCode\" in rspData:\n    rspData = {\n        \"code\"    : rspData[\"returnCode\"],\n        \"message\" : rspData.get(\"returnMessage\", \"\"),\n        \"data\"    : rspData.get(\"data\", {})\n    }\nelse:\n    rspData = {\n        \"code\"    : 3000,\n        \"message\" : \"illegal response format\",\n        \"data\"    : {}\n    }\n',NULL,NULL),('atlas','GetActionList','获取某个模块下的接口列表','2018-03-25 17:12:12','2018-03-25 17:12:12','k8s.yapi.atlas',0,'paramDict[\"loginUin\"] = int(paramDict[\"loginUin\"])\nparamDict[\"ownerUin\"] = int(paramDict[\"ownerUin\"])\nparamDict[\"appId\"]    = int(paramDict[\"appId\"])\n\nparamDict = {\n    \"version\"       : \"1.0\",\n    \"componentName\" : \"yapi.atlas\",\n    \"eventId\"       : int(paramDict[\"timestamp\"]),\n    \"timestamp\"     : int(paramDict[\"timestamp\"]),\n    \"interface\"     : {\n        \"interfaceName\" : \"yapi.atlas.getActionList\",\n        \"para\"          : paramDict\n    }\n}\n','if isinstance(rspData, dict) and \"returnCode\" in rspData:\n    rspData = {\n        \"code\"    : rspData[\"returnCode\"],\n        \"message\" : rspData.get(\"returnMessage\", \"\"),\n        \"data\"    : rspData.get(\"data\", {})\n    }\nelse:\n    rspData = {\n        \"code\"    : 3000,\n        \"message\" : \"illegal response format\",\n        \"data\"    : {}\n    }\n',NULL,NULL),('atlas','GetActionLogDetail','审计日志详情','2018-03-25 17:12:12','2018-03-25 17:12:12','k8s.yapi.atlas',0,'paramDict[\"loginUin\"] = int(paramDict[\"loginUin\"])\nparamDict[\"ownerUin\"] = int(paramDict[\"ownerUin\"])\nparamDict[\"appId\"]    = int(paramDict[\"appId\"])\n\nparamDict = {\n    \"version\"       : \"1.0\",\n    \"componentName\" : \"yapi.atlas\",\n    \"eventId\"       : int(paramDict[\"timestamp\"]),\n    \"timestamp\"     : int(paramDict[\"timestamp\"]),\n    \"interface\"     : {\n        \"interfaceName\" : \"yapi.atlas.getActionLogDetail\",\n        \"para\"          : paramDict\n    }\n}\n','if isinstance(rspData, dict) and \"returnCode\" in rspData:\n    rspData = {\n        \"code\"    : rspData[\"returnCode\"],\n        \"message\" : rspData.get(\"returnMessage\", \"\"),\n        \"data\"    : rspData.get(\"data\", {})\n    }\nelse:\n    rspData = {\n        \"code\"    : 3000,\n        \"message\" : \"illegal response format\",\n        \"data\"    : {}\n    }\n',NULL,NULL),('atlas','GetActionLogList','审计日志搜索','2018-03-25 17:12:12','2018-03-25 17:12:12','k8s.yapi.atlas',0,'paramDict[\"loginUin\"] = int(paramDict[\"loginUin\"])\nparamDict[\"ownerUin\"] = int(paramDict[\"ownerUin\"])\nparamDict[\"appId\"]    = int(paramDict[\"appId\"])\n\nparamDict = {\n    \"version\"       : \"1.0\",\n    \"componentName\" : \"yapi.atlas\",\n    \"eventId\"       : int(paramDict[\"timestamp\"]),\n    \"timestamp\"     : int(paramDict[\"timestamp\"]),\n    \"interface\"     : {\n        \"interfaceName\" : \"yapi.atlas.getActionLogList\",\n        \"para\"          : paramDict\n    }\n}\n','if isinstance(rspData, dict) and \"returnCode\" in rspData:\n    rspData = {\n        \"code\"    : rspData[\"returnCode\"],\n        \"message\" : rspData.get(\"returnMessage\", \"\"),\n        \"data\"    : rspData.get(\"data\", {})\n    }\nelse:\n    rspData = {\n        \"code\"    : 3000,\n        \"message\" : \"illegal response format\",\n        \"data\"    : {}\n    }\n',NULL,NULL),('atlas','GetActionRate','查看接口调用频次','2018-03-25 17:12:12','2018-03-25 17:12:12','k8s.yapi.atlas',0,'paramDict[\"loginUin\"] = int(paramDict[\"loginUin\"])\nparamDict[\"ownerUin\"] = int(paramDict[\"ownerUin\"])\nparamDict[\"appId\"]    = int(paramDict[\"appId\"])\n\nparamDict = {\n    \"version\"       : \"1.0\",\n    \"componentName\" : \"yapi.atlas\",\n    \"eventId\"       : int(paramDict[\"timestamp\"]),\n    \"timestamp\"     : int(paramDict[\"timestamp\"]),\n    \"interface\"     : {\n        \"interfaceName\" : \"yapi.atlas.getActionRate\",\n        \"para\"          : paramDict\n    }\n}\n','if isinstance(rspData, dict) and \"returnCode\" in rspData:\n    rspData = {\n        \"code\"    : rspData[\"returnCode\"],\n        \"message\" : rspData.get(\"returnMessage\", \"\"),\n        \"data\"    : rspData.get(\"data\", {})\n    }\nelse:\n    rspData = {\n        \"code\"    : 3000,\n        \"message\" : \"illegal response format\",\n        \"data\"    : {}\n    }\n',NULL,NULL),('atlas','GetModuleDetail','获取模块详情','2018-03-25 17:12:12','2018-03-25 17:12:12','k8s.yapi.atlas',0,'paramDict[\"loginUin\"] = int(paramDict[\"loginUin\"])\nparamDict[\"ownerUin\"] = int(paramDict[\"ownerUin\"])\nparamDict[\"appId\"]    = int(paramDict[\"appId\"])\n\nparamDict = {\n    \"version\"       : \"1.0\",\n    \"componentName\" : \"yapi.atlas\",\n    \"eventId\"       : int(paramDict[\"timestamp\"]),\n    \"timestamp\"     : int(paramDict[\"timestamp\"]),\n    \"interface\"     : {\n        \"interfaceName\" : \"yapi.atlas.getModuleDetail\",\n        \"para\"          : paramDict\n    }\n}\n','if isinstance(rspData, dict) and \"returnCode\" in rspData:\n    rspData = {\n        \"code\"    : rspData[\"returnCode\"],\n        \"message\" : rspData.get(\"returnMessage\", \"\"),\n        \"data\"    : rspData.get(\"data\", {})\n    }\nelse:\n    rspData = {\n        \"code\"    : 3000,\n        \"message\" : \"illegal response format\",\n        \"data\"    : {}\n    }\n',NULL,NULL),('atlas','GetModuleErrorCodeList','查询某个模块下的错误码','2018-03-25 17:12:12','2018-03-25 17:12:12','k8s.yapi.atlas',0,'paramDict[\"loginUin\"] = int(paramDict[\"loginUin\"])\nparamDict[\"ownerUin\"] = int(paramDict[\"ownerUin\"])\nparamDict[\"appId\"]    = int(paramDict[\"appId\"])\n\nparamDict = {\n    \"version\"       : \"1.0\",\n    \"componentName\" : \"yapi.atlas\",\n    \"eventId\"       : int(paramDict[\"timestamp\"]),\n    \"timestamp\"     : int(paramDict[\"timestamp\"]),\n    \"interface\"     : {\n        \"interfaceName\" : \"yapi.atlas.getModuleErrorCodeList\",\n        \"para\"          : paramDict\n    }\n}\n','if isinstance(rspData, dict) and \"returnCode\" in rspData:\n    rspData = {\n        \"code\"    : rspData[\"returnCode\"],\n        \"message\" : rspData.get(\"returnMessage\", \"\"),\n        \"data\"    : rspData.get(\"data\", {})\n    }\nelse:\n    rspData = {\n        \"code\"    : 3000,\n        \"message\" : \"illegal response format\",\n        \"data\"    : {}\n    }\n',NULL,NULL),('atlas','GetModuleList','获取模块列表','2018-03-25 17:12:12','2018-03-25 17:12:12','k8s.yapi.atlas',0,'paramDict[\"loginUin\"] = int(paramDict[\"loginUin\"])\nparamDict[\"ownerUin\"] = int(paramDict[\"ownerUin\"])\nparamDict[\"appId\"]    = int(paramDict[\"appId\"])\n\nparamDict = {\n    \"version\"       : \"1.0\",\n    \"componentName\" : \"yapi.atlas\",\n    \"eventId\"       : int(paramDict[\"timestamp\"]),\n    \"timestamp\"     : int(paramDict[\"timestamp\"]),\n    \"interface\"     : {\n        \"interfaceName\" : \"yapi.atlas.getModuleList\",\n        \"para\"          : paramDict\n    }\n}\n','if isinstance(rspData, dict) and \"returnCode\" in rspData:\n    rspData = {\n        \"code\"    : rspData[\"returnCode\"],\n        \"message\" : rspData.get(\"returnMessage\", \"\"),\n        \"data\"    : rspData.get(\"data\", {})\n    }\nelse:\n    rspData = {\n        \"code\"    : 3000,\n        \"message\" : \"illegal response format\",\n        \"data\"    : {}\n    }\n',NULL,NULL),('atlas','GetModuleManagers','获取模块的负责人列表','2018-03-25 17:12:12','2018-03-25 17:12:12','k8s.yapi.atlas',0,'paramDict[\"loginUin\"] = int(paramDict[\"loginUin\"])\nparamDict[\"ownerUin\"] = int(paramDict[\"ownerUin\"])\nparamDict[\"appId\"]    = int(paramDict[\"appId\"])\n\nparamDict = {\n    \"version\"       : \"1.0\",\n    \"componentName\" : \"yapi.atlas\",\n    \"eventId\"       : int(paramDict[\"timestamp\"]),\n    \"timestamp\"     : int(paramDict[\"timestamp\"]),\n    \"interface\"     : {\n        \"interfaceName\" : \"yapi.atlas.getModuleManagers\",\n        \"para\"          : paramDict\n    }\n}\n','if isinstance(rspData, dict) and \"returnCode\" in rspData:\n    rspData = {\n        \"code\"    : rspData[\"returnCode\"],\n        \"message\" : rspData.get(\"returnMessage\", \"\"),\n        \"data\"    : rspData.get(\"data\", {})\n    }\nelse:\n    rspData = {\n        \"code\"    : 3000,\n        \"message\" : \"illegal response format\",\n        \"data\"    : {}\n    }\n',NULL,NULL),('atlas','GetModuleUrlDetail','查询模块后端地址详情','2018-03-25 17:12:12','2018-03-25 17:12:12','k8s.yapi.atlas',0,'paramDict[\"loginUin\"] = int(paramDict[\"loginUin\"])\nparamDict[\"ownerUin\"] = int(paramDict[\"ownerUin\"])\nparamDict[\"appId\"]    = int(paramDict[\"appId\"])\n\nparamDict = {\n    \"version\"       : \"1.0\",\n    \"componentName\" : \"yapi.atlas\",\n    \"eventId\"       : int(paramDict[\"timestamp\"]),\n    \"timestamp\"     : int(paramDict[\"timestamp\"]),\n    \"interface\"     : {\n        \"interfaceName\" : \"yapi.atlas.getModuleUrlDetail\",\n        \"para\"          : paramDict\n    }\n}\n','if isinstance(rspData, dict) and \"returnCode\" in rspData:\n    rspData = {\n        \"code\"    : rspData[\"returnCode\"],\n        \"message\" : rspData.get(\"returnMessage\", \"\"),\n        \"data\"    : rspData.get(\"data\", {})\n    }\nelse:\n    rspData = {\n        \"code\"    : 3000,\n        \"message\" : \"illegal response format\",\n        \"data\"    : {}\n    }\n',NULL,NULL),('atlas','GetModuleUrlList','获取模块后端地址列表','2018-03-25 17:12:12','2018-03-25 17:12:12','k8s.yapi.atlas',0,'paramDict[\"loginUin\"] = int(paramDict[\"loginUin\"])\nparamDict[\"ownerUin\"] = int(paramDict[\"ownerUin\"])\nparamDict[\"appId\"]    = int(paramDict[\"appId\"])\n\nparamDict = {\n    \"version\"       : \"1.0\",\n    \"componentName\" : \"yapi.atlas\",\n    \"eventId\"       : int(paramDict[\"timestamp\"]),\n    \"timestamp\"     : int(paramDict[\"timestamp\"]),\n    \"interface\"     : {\n        \"interfaceName\" : \"yapi.atlas.getModuleUrlList\",\n        \"para\"          : paramDict\n    }\n}\n','if isinstance(rspData, dict) and \"returnCode\" in rspData:\n    rspData = {\n        \"code\"    : rspData[\"returnCode\"],\n        \"message\" : rspData.get(\"returnMessage\", \"\"),\n        \"data\"    : rspData.get(\"data\", {})\n    }\nelse:\n    rspData = {\n        \"code\"    : 3000,\n        \"message\" : \"illegal response format\",\n        \"data\"    : {}\n    }\n',NULL,NULL),('atlas','GetServiceApiList','全服务列表','2018-03-25 17:12:12','2018-03-25 17:12:12','k8s.yapi.atlas',0,'paramDict[\"loginUin\"] = int(paramDict[\"loginUin\"])\nparamDict[\"ownerUin\"] = int(paramDict[\"ownerUin\"])\nparamDict[\"appId\"]    = int(paramDict[\"appId\"])\n\nparamDict = {\n    \"version\"       : \"1.0\",\n    \"componentName\" : \"yapi.atlas\",\n    \"eventId\"       : int(paramDict[\"timestamp\"]),\n    \"timestamp\"     : int(paramDict[\"timestamp\"]),\n    \"interface\"     : {\n        \"interfaceName\" : \"yapi.atlas.getServiceApiList\",\n        \"para\"          : paramDict\n    }\n}\n','if isinstance(rspData, dict) and \"returnCode\" in rspData:\n    rspData = {\n        \"code\"    : rspData[\"returnCode\"],\n        \"message\" : rspData.get(\"returnMessage\", \"\"),\n        \"data\"    : rspData.get(\"data\", {})\n    }\nelse:\n    rspData = {\n        \"code\"    : 3000,\n        \"message\" : \"illegal response format\",\n        \"data\"    : {}\n    }\n',NULL,NULL),('atlas','RenameModule','修改模块备注','2018-03-25 17:12:12','2018-03-25 17:12:12','k8s.yapi.atlas',0,'paramDict[\"loginUin\"] = int(paramDict[\"loginUin\"])\nparamDict[\"ownerUin\"] = int(paramDict[\"ownerUin\"])\nparamDict[\"appId\"]    = int(paramDict[\"appId\"])\n\nparamDict = {\n    \"version\"       : \"1.0\",\n    \"componentName\" : \"yapi.atlas\",\n    \"eventId\"       : int(paramDict[\"timestamp\"]),\n    \"timestamp\"     : int(paramDict[\"timestamp\"]),\n    \"interface\"     : {\n        \"interfaceName\" : \"yapi.atlas.renameModule\",\n        \"para\"          : paramDict\n    }\n}\n','if isinstance(rspData, dict) and \"returnCode\" in rspData:\n    rspData = {\n        \"code\"    : rspData[\"returnCode\"],\n        \"message\" : rspData.get(\"returnMessage\", \"\"),\n        \"data\"    : rspData.get(\"data\", {})\n    }\nelse:\n    rspData = {\n        \"code\"    : 3000,\n        \"message\" : \"illegal response format\",\n        \"data\"    : {}\n    }\n',NULL,NULL),('atlas','UpdateAction','修改接口','2018-03-25 17:12:12','2018-03-25 17:12:12','k8s.yapi.atlas',0,'paramDict[\"loginUin\"] = int(paramDict[\"loginUin\"])\nparamDict[\"ownerUin\"] = int(paramDict[\"ownerUin\"])\nparamDict[\"appId\"]    = int(paramDict[\"appId\"])\n\nparamDict = {\n    \"version\"       : \"1.0\",\n    \"componentName\" : \"yapi.atlas\",\n    \"eventId\"       : int(paramDict[\"timestamp\"]),\n    \"timestamp\"     : int(paramDict[\"timestamp\"]),\n    \"interface\"     : {\n        \"interfaceName\" : \"yapi.atlas.updateAction\",\n        \"para\"          : paramDict\n    }\n}\n','if isinstance(rspData, dict) and \"returnCode\" in rspData:\n    rspData = {\n        \"code\"    : rspData[\"returnCode\"],\n        \"message\" : rspData.get(\"returnMessage\", \"\"),\n        \"data\"    : rspData.get(\"data\", {})\n    }\nelse:\n    rspData = {\n        \"code\"    : 3000,\n        \"message\" : \"illegal response format\",\n        \"data\"    : {}\n    }\n',NULL,NULL),('atlas','UpdateModuleErrorCode','修改模块错误码','2018-03-25 17:12:12','2018-03-25 17:12:12','k8s.yapi.atlas',0,'paramDict[\"loginUin\"] = int(paramDict[\"loginUin\"])\nparamDict[\"ownerUin\"] = int(paramDict[\"ownerUin\"])\nparamDict[\"appId\"]    = int(paramDict[\"appId\"])\n\nparamDict = {\n    \"version\"       : \"1.0\",\n    \"componentName\" : \"yapi.atlas\",\n    \"eventId\"       : int(paramDict[\"timestamp\"]),\n    \"timestamp\"     : int(paramDict[\"timestamp\"]),\n    \"interface\"     : {\n        \"interfaceName\" : \"yapi.atlas.updateModuleErrorCode\",\n        \"para\"          : paramDict\n    }\n}\n','if isinstance(rspData, dict) and \"returnCode\" in rspData:\n    rspData = {\n        \"code\"    : rspData[\"returnCode\"],\n        \"message\" : rspData.get(\"returnMessage\", \"\"),\n        \"data\"    : rspData.get(\"data\", {})\n    }\nelse:\n    rspData = {\n        \"code\"    : 3000,\n        \"message\" : \"illegal response format\",\n        \"data\"    : {}\n    }\n',NULL,NULL),('atlas','UpdateModuleManagers','批量添加删除模块负责人','2018-03-25 17:12:12','2018-03-25 17:12:12','k8s.yapi.atlas',0,'paramDict[\"loginUin\"] = int(paramDict[\"loginUin\"])\nparamDict[\"ownerUin\"] = int(paramDict[\"ownerUin\"])\nparamDict[\"appId\"]    = int(paramDict[\"appId\"])\n\nparamDict = {\n    \"version\"       : \"1.0\",\n    \"componentName\" : \"yapi.atlas\",\n    \"eventId\"       : int(paramDict[\"timestamp\"]),\n    \"timestamp\"     : int(paramDict[\"timestamp\"]),\n    \"interface\"     : {\n        \"interfaceName\" : \"yapi.atlas.updateModuleManagers\",\n        \"para\"          : paramDict\n    }\n}\n','if isinstance(rspData, dict) and \"returnCode\" in rspData:\n    rspData = {\n        \"code\"    : rspData[\"returnCode\"],\n        \"message\" : rspData.get(\"returnMessage\", \"\"),\n        \"data\"    : rspData.get(\"data\", {})\n    }\nelse:\n    rspData = {\n        \"code\"    : 3000,\n        \"message\" : \"illegal response format\",\n        \"data\"    : {}\n    }\n',NULL,NULL),('atlas','UpdateModuleUrl','修改模块后端地址','2018-03-25 17:12:12','2018-03-25 17:12:12','k8s.yapi.atlas',0,'paramDict[\"loginUin\"] = int(paramDict[\"loginUin\"])\nparamDict[\"ownerUin\"] = int(paramDict[\"ownerUin\"])\nparamDict[\"appId\"]    = int(paramDict[\"appId\"])\n\nparamDict = {\n    \"version\"       : \"1.0\",\n    \"componentName\" : \"yapi.atlas\",\n    \"eventId\"       : int(paramDict[\"timestamp\"]),\n    \"timestamp\"     : int(paramDict[\"timestamp\"]),\n    \"interface\"     : {\n        \"interfaceName\" : \"yapi.atlas.updateModuleUrl\",\n        \"para\"          : paramDict\n    }\n}\n','if isinstance(rspData, dict) and \"returnCode\" in rspData:\n    rspData = {\n        \"code\"    : rspData[\"returnCode\"],\n        \"message\" : rspData.get(\"returnMessage\", \"\"),\n        \"data\"    : rspData.get(\"data\", {})\n    }\nelse:\n    rspData = {\n        \"code\"    : 3000,\n        \"message\" : \"illegal response format\",\n        \"data\"    : {}\n    }\n',NULL,NULL),('cbs','GetObjectList','获取对象列表','2018-03-23 16:15:50','2018-03-23 16:15:50','云硬盘OSS',0,NULL,NULL,NULL,NULL),('cbs','ListBucket','获取存储桶列表','2018-03-22 19:21:17','2018-03-22 19:53:47','云硬盘OSS',1,'paramDict[\"loginUin\"] = int(paramDict[\"loginUin\"])\nparamDict[\"ownerUin\"] = int(paramDict[\"ownerUin\"])\nparamDict[\"appId\"]    = int(paramDict[\"appId\"])\n\nparamDict = {\n    \"version\"       : \"1.0\",\n    \"componentName\" : \"cloud.cbs\",\n    \"eventId\"       : int(paramDict[\"timestamp\"]),\n    \"timestamp\"     : int(paramDict[\"timestamp\"]),\n    \"interface\"     : {\n        \"interfaceName\" : \"cloud.cbs.listBuckets\",\n        \"para\"          : paramDict\n    }\n}\n','if isinstance(rspData, dict) and \"returnCode\" in rspData and \"returnMessage\" in rspData:\n    rspData = {\n        \"code\"    : rspData[\"returnCode\"],\n        \"message\" : rspData[\"returnMessage\"],\n        \"data\"    : rspData.get(\"data\", {})\n    }\nelse:\n    rspData = {\n        \"code\"    : 3000,\n        \"message\" : \"illegal response\",\n        \"data\"    : {}\n    }\n','camResource = [\n    \"yapi:region/%s:zone/%s\" % (paramDict[\"region\"], paramDict[\"zone\"])\n]\n','camCondition = [\n    {\n        \"condKey\"   : \"orgLabel\",\n        \"condType\"  : \"oneIn\",\n        \"condValue\" : [ paramDict[\"orgLabel\"] ]\n    }\n]\n'),('dfw','GetSecureGroupList','查看安全组列表','2018-03-23 16:18:57','2018-03-23 16:18:57','dfw_oss',1,NULL,NULL,NULL,NULL),('dfw','GetSecureGroupRules','查看安全组规则','2018-03-23 16:34:41','2018-03-23 16:34:41','dfw_oss',0,NULL,NULL,NULL,NULL),('grant','BindGroupStrategy','绑定用户组和策略','2018-04-14 22:11:41','2018-04-14 22:11:41','k8s.yapi.grant',0,'paramDict[\"loginUin\"] = int(paramDict[\"loginUin\"])\nparamDict[\"ownerUin\"] = int(paramDict[\"ownerUin\"])\nparamDict[\"appId\"]    = int(paramDict[\"appId\"])\n\nparamDict = {\n    \"version\"       : \"1.0\",\n    \"componentName\" : \"yapi.grant\",\n    \"eventId\"       : int(paramDict[\"timestamp\"]),\n    \"timestamp\"     : int(paramDict[\"timestamp\"]),\n    \"interface\"     : {\n        \"interfaceName\" : \"yapi.grant.bindGroupStrategy\",\n        \"para\"          : paramDict\n    }\n}\n','if isinstance(rspData, dict) and \"returnCode\" in rspData:\n    rspData = {\n        \"code\"    : rspData[\"returnCode\"],\n        \"message\" : rspData.get(\"returnMessage\", \"\"),\n        \"data\"    : rspData.get(\"data\", {})\n    }\nelse:\n    rspData = {\n        \"code\"    : 3000,\n        \"message\" : \"illegal response format\",\n        \"data\"    : {}\n    }\n',NULL,NULL),('grant','BindUserStrategy','绑定用户和策略','2018-04-14 22:11:41','2018-04-14 22:11:41','k8s.yapi.grant',0,'paramDict[\"loginUin\"] = int(paramDict[\"loginUin\"])\nparamDict[\"ownerUin\"] = int(paramDict[\"ownerUin\"])\nparamDict[\"appId\"]    = int(paramDict[\"appId\"])\n\nparamDict = {\n    \"version\"       : \"1.0\",\n    \"componentName\" : \"yapi.grant\",\n    \"eventId\"       : int(paramDict[\"timestamp\"]),\n    \"timestamp\"     : int(paramDict[\"timestamp\"]),\n    \"interface\"     : {\n        \"interfaceName\" : \"yapi.grant.bindUserStrategy\",\n        \"para\"          : paramDict\n    }\n}\n','if isinstance(rspData, dict) and \"returnCode\" in rspData:\n    rspData = {\n        \"code\"    : rspData[\"returnCode\"],\n        \"message\" : rspData.get(\"returnMessage\", \"\"),\n        \"data\"    : rspData.get(\"data\", {})\n    }\nelse:\n    rspData = {\n        \"code\"    : 3000,\n        \"message\" : \"illegal response format\",\n        \"data\"    : {}\n    }\n',NULL,NULL),('grant','CreateStrategy','创建策略','2018-04-14 22:11:41','2018-04-14 22:11:41','k8s.yapi.grant',0,'paramDict[\"loginUin\"] = int(paramDict[\"loginUin\"])\nparamDict[\"ownerUin\"] = int(paramDict[\"ownerUin\"])\nparamDict[\"appId\"]    = int(paramDict[\"appId\"])\n\nparamDict = {\n    \"version\"       : \"1.0\",\n    \"componentName\" : \"yapi.grant\",\n    \"eventId\"       : int(paramDict[\"timestamp\"]),\n    \"timestamp\"     : int(paramDict[\"timestamp\"]),\n    \"interface\"     : {\n        \"interfaceName\" : \"yapi.grant.createStrategy\",\n        \"para\"          : paramDict\n    }\n}\n','if isinstance(rspData, dict) and \"returnCode\" in rspData:\n    rspData = {\n        \"code\"    : rspData[\"returnCode\"],\n        \"message\" : rspData.get(\"returnMessage\", \"\"),\n        \"data\"    : rspData.get(\"data\", {})\n    }\nelse:\n    rspData = {\n        \"code\"    : 3000,\n        \"message\" : \"illegal response format\",\n        \"data\"    : {}\n    }\n',NULL,NULL),('grant','DeleteStrategy','删除策略','2018-04-14 22:11:41','2018-04-14 22:11:41','k8s.yapi.grant',0,'paramDict[\"loginUin\"] = int(paramDict[\"loginUin\"])\nparamDict[\"ownerUin\"] = int(paramDict[\"ownerUin\"])\nparamDict[\"appId\"]    = int(paramDict[\"appId\"])\n\nparamDict = {\n    \"version\"       : \"1.0\",\n    \"componentName\" : \"yapi.grant\",\n    \"eventId\"       : int(paramDict[\"timestamp\"]),\n    \"timestamp\"     : int(paramDict[\"timestamp\"]),\n    \"interface\"     : {\n        \"interfaceName\" : \"yapi.grant.deleteStrategy\",\n        \"para\"          : paramDict\n    }\n}\n','if isinstance(rspData, dict) and \"returnCode\" in rspData:\n    rspData = {\n        \"code\"    : rspData[\"returnCode\"],\n        \"message\" : rspData.get(\"returnMessage\", \"\"),\n        \"data\"    : rspData.get(\"data\", {})\n    }\nelse:\n    rspData = {\n        \"code\"    : 3000,\n        \"message\" : \"illegal response format\",\n        \"data\"    : {}\n    }\n',NULL,NULL),('grant','GetConditionOpList','策略条件运算符列表','2018-04-14 22:11:40','2018-04-14 22:11:40','k8s.yapi.grant',0,'paramDict[\"loginUin\"] = int(paramDict[\"loginUin\"])\nparamDict[\"ownerUin\"] = int(paramDict[\"ownerUin\"])\nparamDict[\"appId\"]    = int(paramDict[\"appId\"])\n\nparamDict = {\n    \"version\"       : \"1.0\",\n    \"componentName\" : \"yapi.grant\",\n    \"eventId\"       : int(paramDict[\"timestamp\"]),\n    \"timestamp\"     : int(paramDict[\"timestamp\"]),\n    \"interface\"     : {\n        \"interfaceName\" : \"yapi.grant.getConditionOpList\",\n        \"para\"          : paramDict\n    }\n}\n','if isinstance(rspData, dict) and \"returnCode\" in rspData:\n    rspData = {\n        \"code\"    : rspData[\"returnCode\"],\n        \"message\" : rspData.get(\"returnMessage\", \"\"),\n        \"data\"    : rspData.get(\"data\", {})\n    }\nelse:\n    rspData = {\n        \"code\"    : 3000,\n        \"message\" : \"illegal response format\",\n        \"data\"    : {}\n    }\n',NULL,NULL),('grant','GetStrategyDetail','策略详情','2018-04-14 22:11:41','2018-04-14 22:11:41','k8s.yapi.grant',0,'paramDict[\"loginUin\"] = int(paramDict[\"loginUin\"])\nparamDict[\"ownerUin\"] = int(paramDict[\"ownerUin\"])\nparamDict[\"appId\"]    = int(paramDict[\"appId\"])\n\nparamDict = {\n    \"version\"       : \"1.0\",\n    \"componentName\" : \"yapi.grant\",\n    \"eventId\"       : int(paramDict[\"timestamp\"]),\n    \"timestamp\"     : int(paramDict[\"timestamp\"]),\n    \"interface\"     : {\n        \"interfaceName\" : \"yapi.grant.getStrategyDetail\",\n        \"para\"          : paramDict\n    }\n}\n','if isinstance(rspData, dict) and \"returnCode\" in rspData:\n    rspData = {\n        \"code\"    : rspData[\"returnCode\"],\n        \"message\" : rspData.get(\"returnMessage\", \"\"),\n        \"data\"    : rspData.get(\"data\", {})\n    }\nelse:\n    rspData = {\n        \"code\"    : 3000,\n        \"message\" : \"illegal response format\",\n        \"data\"    : {}\n    }\n',NULL,NULL),('grant','GetStrategyList','策略列表','2018-04-14 22:11:41','2018-04-25 13:53:25','k8s.yapi.grant',1,'paramDict[\"loginUin\"] = int(paramDict[\"loginUin\"])\nparamDict[\"ownerUin\"] = int(paramDict[\"ownerUin\"])\nparamDict[\"appId\"]    = int(paramDict[\"appId\"])\n\nparamDict = {\n    \"version\"       : \"1.0\",\n    \"componentName\" : \"yapi.grant\",\n    \"eventId\"       : int(paramDict[\"timestamp\"]),\n    \"timestamp\"     : int(paramDict[\"timestamp\"]),\n    \"interface\"     : {\n        \"interfaceName\" : \"yapi.grant.getStrategyList\",\n        \"para\"          : paramDict\n    }\n}\n','if isinstance(rspData, dict) and \"returnCode\" in rspData and \"returnMessage\" in rspData:\n    rspData = {\n        \"code\"    : rspData[\"returnCode\"],\n        \"message\" : rspData[\"returnMessage\"],\n        \"data\"    : rspData.get(\"data\", {})\n    }\nelse:\n    rspData = {\n        \"code\"    : 3000,\n        \"message\" : \"illegal response\",\n        \"data\"    : {}\n    }\n',NULL,'camCondition = [\n    {\n        \"condKey\"   : \"pageSize\",\n        \"condValue\" : paramDict[\"pageSize\"]\n    }\n]\n'),('grant','GetStrategyRelated','策略关联的实体列表','2018-04-14 22:11:41','2018-04-14 22:11:41','k8s.yapi.grant',1,'paramDict[\"loginUin\"] = int(paramDict[\"loginUin\"])\nparamDict[\"ownerUin\"] = int(paramDict[\"ownerUin\"])\nparamDict[\"appId\"]    = int(paramDict[\"appId\"])\n\nparamDict = {\n    \"version\"       : \"1.0\",\n    \"componentName\" : \"yapi.grant\",\n    \"eventId\"       : int(paramDict[\"timestamp\"]),\n    \"timestamp\"     : int(paramDict[\"timestamp\"]),\n    \"interface\"     : {\n        \"interfaceName\" : \"yapi.grant.getStrategyRelated\",\n        \"para\"          : paramDict\n    }\n}\n','if isinstance(rspData, dict) and \"returnCode\" in rspData:\n    rspData = {\n        \"code\"    : rspData[\"returnCode\"],\n        \"message\" : rspData.get(\"returnMessage\", \"\"),\n        \"data\"    : rspData.get(\"data\", {})\n    }\nelse:\n    rspData = {\n        \"code\"    : 3000,\n        \"message\" : \"illegal response format\",\n        \"data\"    : {}\n    }\n',NULL,NULL),('grant','UpdateStrategy','更新策略','2018-04-14 22:11:41','2018-04-14 22:11:41','k8s.yapi.grant',0,'paramDict[\"loginUin\"] = int(paramDict[\"loginUin\"])\nparamDict[\"ownerUin\"] = int(paramDict[\"ownerUin\"])\nparamDict[\"appId\"]    = int(paramDict[\"appId\"])\n\nparamDict = {\n    \"version\"       : \"1.0\",\n    \"componentName\" : \"yapi.grant\",\n    \"eventId\"       : int(paramDict[\"timestamp\"]),\n    \"timestamp\"     : int(paramDict[\"timestamp\"]),\n    \"interface\"     : {\n        \"interfaceName\" : \"yapi.grant.updateStrategy\",\n        \"para\"          : paramDict\n    }\n}\n','if isinstance(rspData, dict) and \"returnCode\" in rspData:\n    rspData = {\n        \"code\"    : rspData[\"returnCode\"],\n        \"message\" : rspData.get(\"returnMessage\", \"\"),\n        \"data\"    : rspData.get(\"data\", {})\n    }\nelse:\n    rspData = {\n        \"code\"    : 3000,\n        \"message\" : \"illegal response format\",\n        \"data\"    : {}\n    }\n',NULL,NULL),('secret','CreateSecret','创建密钥','2018-03-25 17:11:46','2018-03-25 17:11:46','k8s.yapi.secret',1,'paramDict[\"loginUin\"] = int(paramDict[\"loginUin\"])\nparamDict[\"ownerUin\"] = int(paramDict[\"ownerUin\"])\nparamDict[\"appId\"]    = int(paramDict[\"appId\"])\n\nparamDict = {\n    \"version\"       : \"1.0\",\n    \"componentName\" : \"yapi.secret\",\n    \"eventId\"       : int(paramDict[\"timestamp\"]),\n    \"timestamp\"     : int(paramDict[\"timestamp\"]),\n    \"interface\"     : {\n        \"interfaceName\" : \"yapi.secret.createSecret\",\n        \"para\"          : paramDict\n    }\n}\n','if isinstance(rspData, dict) and \"returnCode\" in rspData:\n    rspData = {\n        \"code\"    : rspData[\"returnCode\"],\n        \"message\" : rspData.get(\"returnMessage\", \"\"),\n        \"data\"    : rspData.get(\"data\", {})\n    }\nelse:\n    rspData = {\n        \"code\"    : 3000,\n        \"message\" : \"illegal response format\",\n        \"data\"    : {}\n    }\n',NULL,NULL),('secret','GetSecretKey','获取密钥KEY','2018-03-25 17:11:46','2018-03-25 17:11:46','k8s.yapi.secret',1,'paramDict[\"loginUin\"] = int(paramDict[\"loginUin\"])\nparamDict[\"ownerUin\"] = int(paramDict[\"ownerUin\"])\nparamDict[\"appId\"]    = int(paramDict[\"appId\"])\n\nparamDict = {\n    \"version\"       : \"1.0\",\n    \"componentName\" : \"yapi.secret\",\n    \"eventId\"       : int(paramDict[\"timestamp\"]),\n    \"timestamp\"     : int(paramDict[\"timestamp\"]),\n    \"interface\"     : {\n        \"interfaceName\" : \"yapi.secret.getSecretKey\",\n        \"para\"          : paramDict\n    }\n}\n','if isinstance(rspData, dict) and \"returnCode\" in rspData:\n    rspData = {\n        \"code\"    : rspData[\"returnCode\"],\n        \"message\" : rspData.get(\"returnMessage\", \"\"),\n        \"data\"    : rspData.get(\"data\", {})\n    }\nelse:\n    rspData = {\n        \"code\"    : 3000,\n        \"message\" : \"illegal response format\",\n        \"data\"    : {}\n    }\n',NULL,NULL),('secret','GetSecretList','获取密钥列表','2018-03-25 17:11:46','2018-03-25 17:11:46','k8s.yapi.secret',1,'paramDict[\"loginUin\"] = int(paramDict[\"loginUin\"])\nparamDict[\"ownerUin\"] = int(paramDict[\"ownerUin\"])\nparamDict[\"appId\"]    = int(paramDict[\"appId\"])\n\nparamDict = {\n    \"version\"       : \"1.0\",\n    \"componentName\" : \"yapi.secret\",\n    \"eventId\"       : int(paramDict[\"timestamp\"]),\n    \"timestamp\"     : int(paramDict[\"timestamp\"]),\n    \"interface\"     : {\n        \"interfaceName\" : \"yapi.secret.getSecretList\",\n        \"para\"          : paramDict\n    }\n}\n','if isinstance(rspData, dict) and \"returnCode\" in rspData:\n    rspData = {\n        \"code\"    : rspData[\"returnCode\"],\n        \"message\" : rspData.get(\"returnMessage\", \"\"),\n        \"data\"    : rspData.get(\"data\", {})\n    }\nelse:\n    rspData = {\n        \"code\"    : 3000,\n        \"message\" : \"illegal response format\",\n        \"data\"    : {}\n    }\n',NULL,NULL),('secret','OperateSecret','批量启用禁用删除密钥','2018-03-25 17:11:46','2018-03-25 17:11:46','k8s.yapi.secret',1,'paramDict[\"loginUin\"] = int(paramDict[\"loginUin\"])\nparamDict[\"ownerUin\"] = int(paramDict[\"ownerUin\"])\nparamDict[\"appId\"]    = int(paramDict[\"appId\"])\n\nparamDict = {\n    \"version\"       : \"1.0\",\n    \"componentName\" : \"yapi.secret\",\n    \"eventId\"       : int(paramDict[\"timestamp\"]),\n    \"timestamp\"     : int(paramDict[\"timestamp\"]),\n    \"interface\"     : {\n        \"interfaceName\" : \"yapi.secret.operateSecret\",\n        \"para\"          : paramDict\n    }\n}\n','if isinstance(rspData, dict) and \"returnCode\" in rspData:\n    rspData = {\n        \"code\"    : rspData[\"returnCode\"],\n        \"message\" : rspData.get(\"returnMessage\", \"\"),\n        \"data\"    : rspData.get(\"data\", {})\n    }\nelse:\n    rspData = {\n        \"code\"    : 3000,\n        \"message\" : \"illegal response format\",\n        \"data\"    : {}\n    }\n',NULL,NULL),('secret','RemarkSecret','修改密钥备注','2018-03-25 17:11:46','2018-03-25 17:11:46','k8s.yapi.secret',1,'paramDict[\"loginUin\"] = int(paramDict[\"loginUin\"])\nparamDict[\"ownerUin\"] = int(paramDict[\"ownerUin\"])\nparamDict[\"appId\"]    = int(paramDict[\"appId\"])\n\nparamDict = {\n    \"version\"       : \"1.0\",\n    \"componentName\" : \"yapi.secret\",\n    \"eventId\"       : int(paramDict[\"timestamp\"]),\n    \"timestamp\"     : int(paramDict[\"timestamp\"]),\n    \"interface\"     : {\n        \"interfaceName\" : \"yapi.secret.remarkSecret\",\n        \"para\"          : paramDict\n    }\n}\n','if isinstance(rspData, dict) and \"returnCode\" in rspData:\n    rspData = {\n        \"code\"    : rspData[\"returnCode\"],\n        \"message\" : rspData.get(\"returnMessage\", \"\"),\n        \"data\"    : rspData.get(\"data\", {})\n    }\nelse:\n    rspData = {\n        \"code\"    : 3000,\n        \"message\" : \"illegal response format\",\n        \"data\"    : {}\n    }\n',NULL,NULL),('vpc','AddRoute','新建路由表','2018-03-21 22:17:25','2018-03-22 19:59:21','vpc.k8s.mc.py',1,'paramDict[\"loginUin\"] = int(paramDict[\"loginUin\"])\nparamDict[\"ownerUin\"] = int(paramDict[\"ownerUin\"])\nparamDict[\"appId\"]    = int(paramDict[\"appId\"])\n\nparamDict = {\n    \"version\"       : \"1.0\",\n    \"componentName\" : \"cloud.vpc\",\n    \"eventId\"       : int(paramDict[\"timestamp\"]),\n    \"timestamp\"     : int(paramDict[\"timestamp\"]),\n    \"interface\"     : {\n        \"interfaceName\" : \"cloud.vpc.addRoute\",\n        \"para\"          : paramDict\n    }\n}\n','if isinstance(rspData, dict) and \"returnCode\" in rspData and \"returnMessage\" in rspData:\n    rspData = {\n        \"code\"    : rspData[\"returnCode\"],\n        \"message\" : rspData[\"returnMessage\"],\n        \"data\"    : rspData.get(\"data\", {})\n    }\nelse:\n    rspData = {\n        \"code\"    : 3000,\n        \"message\" : \"illegal response\",\n        \"data\"    : {}\n    }\n','camResource = [\n    \"yapi:region/%s:zone/%s\" % (paramDict[\"region\"], paramDict[\"zone\"])\n]\n','camCondition = [\n    {\n        \"condKey\"   : \"orgLabel\",\n        \"condType\"  : \"oneIn\",\n        \"condValue\" : [ paramDict[\"orgLabel\"] ]\n    }\n]\n'),('vpc','GetGw','获取网关列表','2018-03-21 21:11:16','2018-03-23 19:55:14','vpc.k8s.mc.py',1,NULL,NULL,NULL,NULL),('vpc','GetVmDetail','查询VPC内子机详情','2018-03-23 16:17:14','2018-03-23 16:17:14','vpc.k8s.mc.py',0,NULL,NULL,NULL,NULL);
/*!40000 ALTER TABLE `t_action` ENABLE KEYS */;
UNLOCK TABLES;

--
-- Table structure for table `t_module`
--

DROP TABLE IF EXISTS `t_module`;
/*!40101 SET @saved_cs_client     = @@character_set_client */;
/*!40101 SET character_set_client = utf8 */;
CREATE TABLE `t_module` (
  `module` varchar(255) NOT NULL COMMENT '模块英文名',
  `zhName` varchar(255) NOT NULL COMMENT '模块中文名',
  `addTime` datetime NOT NULL COMMENT '创建时间',
  `modTime` datetime NOT NULL COMMENT '更新时间',
  PRIMARY KEY (`module`),
  UNIQUE KEY `zhName` (`zhName`)
) ENGINE=InnoDB DEFAULT CHARSET=utf8 COMMENT='云API模块表';
/*!40101 SET character_set_client = @saved_cs_client */;

--
-- Dumping data for table `t_module`
--

LOCK TABLES `t_module` WRITE;
/*!40000 ALTER TABLE `t_module` DISABLE KEYS */;
INSERT INTO `t_module` VALUES ('account','账户','2018-03-25 16:01:27','2018-03-25 16:01:27'),('atlas','API管理','2018-03-25 17:12:11','2018-03-25 17:12:11'),('cbs','云硬盘','2018-03-06 21:28:58','2018-03-06 21:52:19'),('dfw','安全组','2018-03-06 21:28:11','2018-03-06 21:28:11'),('grant','授权','2018-04-14 22:11:40','2018-04-14 22:11:40'),('secret','密钥','2018-03-25 17:11:46','2018-03-25 17:11:46'),('vpc','私有网络','2018-03-06 21:23:06','2018-03-06 21:23:06');
/*!40000 ALTER TABLE `t_module` ENABLE KEYS */;
UNLOCK TABLES;

--
-- Table structure for table `t_module_errorcode`
--

DROP TABLE IF EXISTS `t_module_errorcode`;
/*!40101 SET @saved_cs_client     = @@character_set_client */;
/*!40101 SET character_set_client = utf8 */;
CREATE TABLE `t_module_errorcode` (
  `module` varchar(255) NOT NULL COMMENT '模块英文名',
  `code` int(11) unsigned NOT NULL COMMENT '错误码数字',
  `showSvrError` int(11) unsigned NOT NULL DEFAULT '1' COMMENT '是否展示后端错误信息(0-否, 1-是)',
  `codeType` int(11) unsigned NOT NULL COMMENT '错误大类',
  `codeDesc` varchar(255) NOT NULL COMMENT '错误码英文简写',
  `message` text NOT NULL COMMENT '错误码详细信息',
  PRIMARY KEY (`module`,`code`)
) ENGINE=InnoDB DEFAULT CHARSET=utf8 COMMENT='云API模块错误码表';
/*!40101 SET character_set_client = @saved_cs_client */;

--
-- Dumping data for table `t_module_errorcode`
--

LOCK TABLES `t_module_errorcode` WRITE;
/*!40000 ALTER TABLE `t_module_errorcode` DISABLE KEYS */;
INSERT INTO `t_module_errorcode` VALUES ('account',101,1,5000,'Unknown.Error','服务端错误'),('account',102,0,4000,'Invalid.Method','非法的interfaceName'),('account',103,1,4000,'Para.Miss','缺少参数'),('account',104,1,4000,'Para.Error','参数解析错误'),('account',105,1,5000,'DB.Error','数据库操作失败'),('account',1001,0,4000,'Invalid.UserUin','子账号不存在'),('account',1002,0,4000,'Invalid.OwnerUin','根账号不存在'),('account',1003,0,4000,'Invalid.UserGroup','用户组不存在'),('account',1101,0,4000,'Duplicate.GroupName','该用户组名已存在'),('account',1201,0,4000,'Invalid.BindMode','参数(操作模式) 只能是 1-绑定 或 2-解绑'),('account',1202,0,4000,'Not.UserInGroup','该用户不在该用户组中'),('account',1203,0,4000,'Already.UserInGroup','该用户已经在该用户组中'),('account',1204,0,4000,'Not.Match.Owner.User','子账号和根账号不匹配'),('account',1205,0,4000,'Not.Match.Owner.Group','用户组和根账号不匹配'),('atlas',101,1,5000,'Unknown.Error','服务端错误'),('atlas',102,0,4000,'Invalid.Method','非法的interfaceName'),('atlas',103,1,4000,'Para.Miss','缺少参数'),('atlas',104,1,4000,'Para.Error','参数解析错误'),('atlas',105,1,5000,'DB.Error','数据库操作失败'),('atlas',1000,0,4500,'Permission.Module','模块权限不足'),('atlas',1001,0,4000,'Invalid.UserUin','子账号不存在'),('atlas',1002,0,4000,'Invalid.OwnerUin','根账号不存在'),('atlas',1003,0,4000,'Invalid.Module','模块不存在'),('atlas',1004,0,4000,'Invalid.Module.Manager','不存在该模块负责人'),('atlas',1005,0,4000,'Invalid.Module.Url','模块后端地址不存在'),('atlas',1006,0,4000,'Invalid.Module.ErrorCode','模块错误码不存在'),('atlas',1007,0,4000,'Invalid.Module.Action','接口不存在'),('atlas',1008,0,4000,'Invalid.AuditLog','该条审计日志不存在'),('atlas',1101,0,4000,'Empty.Module.EnName','模块英文名不能为空'),('atlas',1102,0,4000,'Empty.Module.ZhName','模块中文名不能为空'),('atlas',1103,0,4000,'Empty.Module.Manager','模块负责人列表不能为空'),('atlas',1104,0,4000,'Empty.Module.Url.Name','模块后端地址名不能为空'),('atlas',1105,0,4000,'Empty.Module.Url.Address','模块后端地址内容不能为空'),('atlas',1106,0,4000,'Empty.Module.Action.EnName','模块接口的英文名不能为空'),('atlas',1107,0,4000,'Empty.Module.Action.ZhName','模块接口的中文名不能为空'),('atlas',1201,0,4000,'Duplicate.Module.EnName','该模块英文名已被使用'),('atlas',1202,0,4000,'Duplicate.Module.ZhName','该模块中文名已被使用'),('atlas',1203,0,4000,'Duplicate.Module.Manager','该模块负责人已经存在'),('atlas',1204,0,4000,'Duplicate.Module.Url.Name','该模块后端地址名已被使用'),('atlas',1205,0,4000,'Duplicate.Module.ErrorCode','该模块错误码已被使用'),('atlas',1206,0,4000,'Duplicate.Module.Action','该模块接口名已被使用'),('atlas',1301,0,4000,'Mode.Manager','模块负责人操作只能是 1-增加 或 2-移除'),('atlas',1302,0,4000,'Mode.Url.Type','模块后端地址类型只能是 1-单地址 或 2-多地址'),('atlas',1303,0,4000,'Mode.ErrorCode.Type','未被支持的错误码大类'),('atlas',1304,0,4000,'Mode.ErrorCode.ShowSvrError','后端错误只能 0-不展示 或 1-展示'),('atlas',1305,0,4000,'Mode.Action.Auth','接口只能是 0-不鉴权 或 1-鉴权'),('atlas',1306,0,4000,'Mode.Action.Rate','接口只能是 0-不限频次 或 1-限制频次'),('cbs',1600,0,4000,'Invalid.DiskType','disk type can only be local-disk or cloud-disk'),('cbs',2700,0,4500,'Permission.Bucket','does not have enough permission on this bucket'),('grant',101,1,5000,'Unknown.Error','服务端错误'),('grant',102,0,4000,'Invalid.Method','非法的interfaceName'),('grant',103,1,4000,'Para.Miss','缺少参数'),('grant',104,1,4000,'Para.Error','参数解析错误'),('grant',105,1,5000,'DB.Error','数据库操作失败'),('grant',1001,0,4000,'Permission.Strategy','策略与租户不匹配'),('grant',1002,0,4000,'Permission.User','用户与租户不匹配'),('grant',1003,0,4000,'Permission.Group','用户组与租户不匹配'),('grant',1101,0,4000,'Invalid.User','不存在该用户'),('grant',1102,0,4000,'Invalid.Owner','不存在该租户'),('grant',1103,0,4000,'Invalid.Group','不存在该用户组'),('grant',1104,0,4000,'Invalid.Strategy','不存在该策略'),('grant',1105,0,4000,'Invalid.StrategyRule','策略规则不合法'),('grant',1201,0,4000,'Empty.StrategyName','策略名不能为空'),('grant',1301,0,4000,'Mode.StrategyType','策略类型只能是普通/根账号预设/子账号预设'),('grant',1302,0,4000,'Mode.Related.User','参数relatedUser只能是0/1'),('grant',1303,0,4000,'Mode.Related.Group','参数relatedGroup只能是0/1'),('grant',1304,0,4000,'Mode.Related.Bind','参数bindMode只能是 1-绑定 / 2-解绑'),('grant',1401,0,4000,'Bind.User.Not','用户还未绑定该策略'),('grant',1402,0,4000,'Bind.User.Already','用户已经绑定该策略'),('grant',1403,0,4000,'Bind.Group.Not','用户组还未绑定该策略'),('grant',1404,0,4000,'Bind.Group.Already','用户组已经绑定该策略'),('secret',101,1,5000,'Unknown.Error','服务端错误'),('secret',102,0,4000,'Invalid.Method','非法的interfaceName'),('secret',103,1,4000,'Para.Miss','缺少参数'),('secret',104,1,4000,'Para.Error','参数解析错误'),('secret',105,1,5000,'DB.Error','数据库操作失败'),('secret',1001,0,4000,'Invalid.UserUin','子账号不存在'),('secret',1101,0,4000,'Invalid.Secret.OpMode','密钥操作类型不对，只能是启用/禁用/删除'),('secret',1102,0,4000,'Invalid.SecretId','密钥不存在'),('secret',1103,0,4000,'Invalid.Secret.Status.Enable','不能启用非禁用状态的密钥'),('secret',1104,0,4000,'Invalid.Secret.Status.Disenable','不能禁用非启用状态的密钥'),('secret',1105,0,4000,'Invalid.Secret.Status.Delete','不能删除非禁用状态的密钥'),('vpc',108,0,4000,'Invalid.SubNet','subnet address is invalid'),('vpc',109,0,4000,'Invalid.Route.Rule','route rule is invalid'),('vpc',1201,1,4000,'Invalid.Vpc.Address','vpc address range is invalid'),('vpc',1205,1,5000,'Failed.Peer.Connection','exception when creating a peer connection');
/*!40000 ALTER TABLE `t_module_errorcode` ENABLE KEYS */;
UNLOCK TABLES;

--
-- Table structure for table `t_module_manager`
--

DROP TABLE IF EXISTS `t_module_manager`;
/*!40101 SET @saved_cs_client     = @@character_set_client */;
/*!40101 SET character_set_client = utf8 */;
CREATE TABLE `t_module_manager` (
  `module` varchar(255) NOT NULL COMMENT '模块英文名',
  `userUin` bigint(20) unsigned NOT NULL COMMENT '负责人的uin',
  PRIMARY KEY (`module`,`userUin`)
) ENGINE=InnoDB DEFAULT CHARSET=utf8 COMMENT='云API模块负责人表';
/*!40101 SET character_set_client = @saved_cs_client */;

--
-- Dumping data for table `t_module_manager`
--

LOCK TABLES `t_module_manager` WRITE;
/*!40000 ALTER TABLE `t_module_manager` DISABLE KEYS */;
INSERT INTO `t_module_manager` VALUES ('account',909619752),('atlas',909619752),('cbs',909619752),('dfw',909619752),('dfw',909619772),('dfw',909619781),('grant',909619752),('secret',909619752),('vpc',909619752),('vpc',909619772);
/*!40000 ALTER TABLE `t_module_manager` ENABLE KEYS */;
UNLOCK TABLES;

--
-- Table structure for table `t_module_url`
--

DROP TABLE IF EXISTS `t_module_url`;
/*!40101 SET @saved_cs_client     = @@character_set_client */;
/*!40101 SET character_set_client = utf8 */;
CREATE TABLE `t_module_url` (
  `module` varchar(255) NOT NULL COMMENT '模块英文名',
  `urlName` varchar(255) NOT NULL COMMENT '线上地址的别名',
  `urlType` int(11) unsigned NOT NULL DEFAULT '1' COMMENT '地址类型(1-单地址, 2-多地址)',
  `urlAddress` text NOT NULL COMMENT 'url地址',
  `addTime` datetime NOT NULL COMMENT '创建时间',
  `modTime` datetime NOT NULL COMMENT '更新时间',
  PRIMARY KEY (`module`,`urlName`)
) ENGINE=InnoDB DEFAULT CHARSET=utf8 COMMENT='云API模块线上地址表';
/*!40101 SET character_set_client = @saved_cs_client */;

--
-- Dumping data for table `t_module_url`
--

LOCK TABLES `t_module_url` WRITE;
/*!40000 ALTER TABLE `t_module_url` DISABLE KEYS */;
INSERT INTO `t_module_url` VALUES ('account','k8s.yapi.account',1,'http://account.yapi/account/interface','2018-03-25 16:01:27','2018-03-25 16:01:27'),('atlas','k8s.yapi.atlas',1,'http://atlas.yapi:8666/atlas/interface','2018-03-25 17:12:11','2018-03-25 17:12:11'),('cbs','云硬盘OSS',1,'http://oss.cbs/interfaces/interface.php','2018-03-18 17:13:44','2018-03-18 17:13:44'),('dfw','dfw_oss',2,'if paramDict[\"region\"] == \"gz\":\n    svrUrl = \"http://oss.dfw/gz/index.php\"\nelif paramDict[\"region\"] == \"sh\":\n    svrUrl = \"http://oss.dfw/sh/interface.php\"\nelse:\n    svrUrl = \"http://127.0.0.1:8080/cgi/interface\"\n','2018-03-18 17:16:52','2018-03-18 17:16:52'),('grant','k8s.yapi.grant',1,'http://grant.yapi/grant/interface','2018-04-14 22:11:40','2018-04-14 22:11:40'),('secret','k8s.yapi.secret',1,'http://secret.yapi:8666/secret/interface','2018-03-25 17:11:46','2018-03-25 17:11:46'),('vpc','vpc.k8s.mc.cgw',1,'http://cgw.mc:8080/vpc/interface.php','2018-03-18 17:12:12','2018-03-18 17:12:12'),('vpc','vpc.k8s.mc.py',1,'http://py.mc:8666/vpc/interface','2018-03-18 17:09:53','2018-03-18 17:09:53'),('vpc','私有网络OSS',1,'http://127.0.0.1:8666/v2/index.php','2018-03-18 17:15:05','2018-03-18 17:53:47');
/*!40000 ALTER TABLE `t_module_url` ENABLE KEYS */;
UNLOCK TABLES;
/*!40103 SET TIME_ZONE=@OLD_TIME_ZONE */;

/*!40101 SET SQL_MODE=@OLD_SQL_MODE */;
/*!40014 SET FOREIGN_KEY_CHECKS=@OLD_FOREIGN_KEY_CHECKS */;
/*!40014 SET UNIQUE_CHECKS=@OLD_UNIQUE_CHECKS */;
/*!40101 SET CHARACTER_SET_CLIENT=@OLD_CHARACTER_SET_CLIENT */;
/*!40101 SET CHARACTER_SET_RESULTS=@OLD_CHARACTER_SET_RESULTS */;
/*!40101 SET COLLATION_CONNECTION=@OLD_COLLATION_CONNECTION */;
/*!40111 SET SQL_NOTES=@OLD_SQL_NOTES */;

-- Dump completed on 2018-04-28 19:06:21
